{"cameraMode":{"drawMode":0,"name":"Shaded","section":"Shading Mode"},"sceneLighting":false,"audioPlay":false,"sceneViewState":{"showFog":true,"showMaterialUpdate":false,"showSkybox":false,"showFlares":true,"showImageEffects":true,"showParticleSystems":true},"in2DMode":false,"pivot":{"x":62.90345764160156,"y":-51.573631286621097,"z":57.8580322265625},"rotation":{"x":-0.24016845226287843,"y":-0.39940688014030459,"z":0.10928009450435639,"w":-0.8780370950698853},"size":121.21627044677735,"orthographic":false}