{"cameraMode":{"drawMode":0,"name":"Shaded","section":"Shading Mode"},"sceneLighting":false,"audioPlay":false,"sceneViewState":{"showFog":true,"showMaterialUpdate":false,"showSkybox":false,"showFlares":true,"showImageEffects":true,"showParticleSystems":true},"in2DMode":false,"pivot":{"x":9.593048095703125,"y":9.870854377746582,"z":16.514925003051759},"rotation":{"x":-0.1355939358472824,"y":0.7201184034347534,"z":-0.14695699512958527,"w":-0.6644288301467896},"size":3.742750406265259,"orthographic":false}